wavelength,WLED 1000 lux
300,0.00003315 
301,0.00002802 
302,0.00007219 
303,0.00012689 
304,0.00005061 
305,0.00012000 
306,0.00007862 
307,0.00006958 
308,0.00010195 
309,0.00009309 
310,0.00014816 
311,0.00010628 
312,0.00011521 
313,0.00007560 
314,0.00012630 
315,0.00007332 
316,0.00003069 
317,0.00007325 
318,0.00002679 
319,0.00013243 
320,0.00008920 
321,0.00008634 
322,0.00012845 
323,0.00004958 
324,0.00010360 
325,0.00009222 
326,0.00012241 
327,0.00008697 
328,0.00004651 
329,0.00011409 
330,0.00007115 
331,0.00008955 
332,0.00005636 
333,0.00005645 
334,0.00006049 
335,0.00012454 
336,0.00013033 
337,0.00011191 
338,0.00011426 
339,0.00010807 
340,0.00005093 
341,0.00007695 
342,0.00006777 
343,0.00010167 
344,0.00009636 
345,0.00011580 
346,0.00000994 
347,0.00002786 
348,0.00008420 
349,0.00000549 
350,0.00009239 
351,0.00011223 
352,0.00004550 
353,0.00008641 
354,0.00011936 
355,0.00008130 
356,0.00012200 
357,0.00011415 
358,0.00002739 
359,0.00015830 
360,0.00008801 
361,0.00007597 
362,0.00010457 
363,0.00005476 
364,0.00009488 
365,0.00007931 
366,0.00004245 
367,0.00012807 
368,0.00014101 
369,0.00010766 
370,0.00003624 
371,0.00011426 
372,0.00005486 
373,0.00012034 
374,0.00010646 
375,0.00010033 
376,0.00018992 
377,0.00007903 
378,0.00014316 
379,0.00013304 
380,0.00006181 
381,0.00012000 
382,0.00004043 
383,0.00010626 
384,0.00011541 
385,0.00014246 
386,0.00018866 
387,0.00008735 
388,0.00009981 
389,0.00020475 
390,0.00005476 
391,0.00012077 
392,0.00013342 
393,0.00009702 
394,0.00011854 
395,0.00016716 
396,0.00017107 
397,0.00001294 
398,0.00013449 
399,0.00012417 
400,0.00020708 
401,0.00018337 
402,0.00017027 
403,0.00022328 
404,0.00012583 
405,0.00020730 
406,0.00020111 
407,0.00021437 
408,0.00029135 
409,0.00022800 
410,0.00028439 
411,0.00026855 
412,0.00035768 
413,0.00042664 
414,0.00042785 
415,0.00044876 
416,0.00054682 
417,0.00060377 
418,0.00077065 
419,0.00081089 
420,0.00090191 
421,0.00107335 
422,0.00116933 
423,0.00140519 
424,0.00154921 
425,0.00166476 
426,0.00192058 
427,0.00217518 
428,0.00241826 
429,0.00276821 
430,0.00315849 
431,0.00347440 
432,0.00399168 
433,0.00441572 
434,0.00505753 
435,0.00533972 
436,0.00579970 
437,0.00670801 
438,0.00735692 
439,0.00814606 
440,0.00894981 
441,0.00958353 
442,0.01043411 
443,0.01150975 
444,0.01241572 
445,0.01327720 
446,0.01402697 
447,0.01465543 
448,0.01557251 
449,0.01611272 
450,0.01673764 
451,0.01634597 
452,0.01619451 
453,0.01567113 
454,0.01504095 
455,0.01439487 
456,0.01388118 
457,0.01285494 
458,0.01258051 
459,0.01156298 
460,0.01095529 
461,0.01044859 
462,0.01013081 
463,0.01013189 
464,0.00989439 
465,0.00975253 
466,0.00932751 
467,0.00907585 
468,0.00910228 
469,0.00866343 
470,0.00856032 
471,0.00827436 
472,0.00795003 
473,0.00775018 
474,0.00743485 
475,0.00745684 
476,0.00722269 
477,0.00717808 
478,0.00731597 
479,0.00728694 
480,0.00735910 
481,0.00748598 
482,0.00756545 
483,0.00769291 
484,0.00775532 
485,0.00803048 
486,0.00831038 
487,0.00841218 
488,0.00865157 
489,0.00892266 
490,0.00899779 
491,0.00935563 
492,0.00975686 
493,0.01006481 
494,0.01051802 
495,0.01071601 
496,0.01129244 
497,0.01162939 
498,0.01202379 
499,0.01245991 
500,0.01290184 
501,0.01326451 
502,0.01379847 
503,0.01409810 
504,0.01454279 
505,0.01483355 
506,0.01530464 
507,0.01554873 
508,0.01599406 
509,0.01632528 
510,0.01670374 
511,0.01684916 
512,0.01729126 
513,0.01756290 
514,0.01764539 
515,0.01794212 
516,0.01819813 
517,0.01843999 
518,0.01853666 
519,0.01895997 
520,0.01914613 
521,0.01934780 
522,0.01938502 
523,0.01962388 
524,0.01959545 
525,0.01945463 
526,0.01952127 
527,0.01946651 
528,0.01975062 
529,0.01983124 
530,0.02040201 
531,0.02008728 
532,0.02038048 
533,0.02045208 
534,0.02064302 
535,0.02093334 
536,0.02089895 
537,0.02099721 
538,0.02117884 
539,0.02122174 
540,0.02120083 
541,0.02146420 
542,0.02165491 
543,0.02174617 
544,0.02177633 
545,0.02194346 
546,0.02199223 
547,0.02192055 
548,0.02190213 
549,0.02202095 
550,0.02188848 
551,0.02189133 
552,0.02177990 
553,0.02179568 
554,0.02173252 
555,0.02159796 
556,0.02177626 
557,0.02165032 
558,0.02159132 
559,0.02145749 
560,0.02146148 
561,0.02149606 
562,0.02120653 
563,0.02122987 
564,0.02120303 
565,0.02133636 
566,0.02114780 
567,0.02117092 
568,0.02107327 
569,0.02092401 
570,0.02091767 
571,0.02068672 
572,0.02100860 
573,0.02074126 
574,0.02076140 
575,0.02072323 
576,0.02063339 
577,0.02063911 
578,0.02062472 
579,0.02059954 
580,0.02051512 
581,0.02031277 
582,0.02022045 
583,0.02009142 
584,0.02019971 
585,0.01972851 
586,0.01981585 
587,0.01989595 
588,0.01963109 
589,0.01954527 
590,0.01915369 
591,0.01919292 
592,0.01899030 
593,0.01897329 
594,0.01884506 
595,0.01855734 
596,0.01835759 
597,0.01811862 
598,0.01791780 
599,0.01759921 
600,0.01782701 
601,0.01720339 
602,0.01729282 
603,0.01686254 
604,0.01691043 
605,0.01641683 
606,0.01624293 
607,0.01595435 
608,0.01576081 
609,0.01544596 
610,0.01535733 
611,0.01495450 
612,0.01456579 
613,0.01420711 
614,0.01406942 
615,0.01409560 
616,0.01382710 
617,0.01359475 
618,0.01336124 
619,0.01311984 
620,0.01284518 
621,0.01278550 
622,0.01243224 
623,0.01220282 
624,0.01200935 
625,0.01170758 
626,0.01159043 
627,0.01130732 
628,0.01117300 
629,0.01089329 
630,0.01083654 
631,0.01064195 
632,0.01033380 
633,0.01005351 
634,0.00971564 
635,0.00959409 
636,0.00934989 
637,0.00930021 
638,0.00904615 
639,0.00886445 
640,0.00868671 
641,0.00840997 
642,0.00819822 
643,0.00808490 
644,0.00786128 
645,0.00754950 
646,0.00751676 
647,0.00741802 
648,0.00715255 
649,0.00685420 
650,0.00689469 
651,0.00672853 
652,0.00658934 
653,0.00642280 
654,0.00622017 
655,0.00599672 
656,0.00592041 
657,0.00571996 
658,0.00558378 
659,0.00545490 
660,0.00527877 
661,0.00536335 
662,0.00516100 
663,0.00485739 
664,0.00477144 
665,0.00461350 
666,0.00453566 
667,0.00444902 
668,0.00421581 
669,0.00411823 
670,0.00391572 
671,0.00394856 
672,0.00379302 
673,0.00360828 
674,0.00347965 
675,0.00338031 
676,0.00328461 
677,0.00321990 
678,0.00313049 
679,0.00299958 
680,0.00296014 
681,0.00283145 
682,0.00278068 
683,0.00262251 
684,0.00253802 
685,0.00247836 
686,0.00241924 
687,0.00223667 
688,0.00219011 
689,0.00216864 
690,0.00212484 
691,0.00204932 
692,0.00195989 
693,0.00190175 
694,0.00183183 
695,0.00189911 
696,0.00174803 
697,0.00169681 
698,0.00155566 
699,0.00157189 
700,0.00144677 
701,0.00144474 
702,0.00145727 
703,0.00137128 
704,0.00128257 
705,0.00127638 
706,0.00119875 
707,0.00118635 
708,0.00105901 
709,0.00113296 
710,0.00108213 
711,0.00106498 
712,0.00100079 
713,0.00103149 
714,0.00094323 
715,0.00093387 
716,0.00087137 
717,0.00086384 
718,0.00079143 
719,0.00074199 
720,0.00068620 
721,0.00070606 
722,0.00069524 
723,0.00061504 
724,0.00069916 
725,0.00069047 
726,0.00057931 
727,0.00059689 
728,0.00063427 
729,0.00058900 
730,0.00051444 
731,0.00053403 
732,0.00047286 
733,0.00048651 
734,0.00047853 
735,0.00045444 
736,0.00042962 
737,0.00046025 
738,0.00044850 
739,0.00044720 
740,0.00036885 
741,0.00045208 
742,0.00041124 
743,0.00032592 
744,0.00035488 
745,0.00035734 
746,0.00030512 
747,0.00028624 
748,0.00025266 
749,0.00032313 
750,0.00028451 
751,0.00028792 
752,0.00029526 
753,0.00023477 
754,0.00023928 
755,0.00024681 
756,0.00018188 
757,0.00028943 
758,0.00030520 
759,0.00027612 
760,0.00018940 
761,0.00021194 
762,0.00023274 
763,0.00021743 
764,0.00026414 
765,0.00019198 
766,0.00016790 
767,0.00018272 
768,0.00011063 
769,0.00018714 
770,0.00015031 
771,0.00016964 
772,0.00018812 
773,0.00016439 
774,0.00016226 
775,0.00019218 
776,0.00013945 
777,0.00016849 
778,0.00012251 
779,0.00015884 
780,0.00016350 
781,0.00009366 
782,0.00012615 
783,0.00004972 
784,0.00014483 
785,0.00014226 
786,0.00007669 
787,0.00010851 
788,0.00011597 
789,0.00004944 
790,0.00010396 
791,0.00023435 
792,0.00018936 
793,0.00010517 
794,0.00010736 
795,0.00016354 
796,0.00011485 
797,0.00006954 
798,0.00011514 
799,0.00005463 
800,0.00006003 
801,0.00013249 
802,0.00007081 
803,0.00008079 
804,0.00009048 
805,0.00004889 
806,0.00011507 
807,0.00010233 
808,0.00008003 
809,0.00005440 
810,0.00009993 
811,0.00009644 
812,0.00006078 
813,0.00001930 
814,0.00006325 
815,0.00009906 
816,0.00008424 
817,0.00003747 
818,0.00011870 
819,0.00004123 
820,0.00007045 
821,0.00009652 
822,0.00006578 
823,0.00004080 
824,0.00001618 
825,0.00009276 
826,0.00008266 
827,0.00002947 
828,0.00002431 
829,0.00010483 
830,0.00008996 
831,0.00005934 
832,0.00010168 
833,0.00006698 
834,0.00004894 
835,0.00006387 
836,0.00008531 
837,0.00008933 
838,0.00003856 
839,0.00001481 
840,0.00007664 
841,0.00010904 
842,0.00006904 
843,0.00009636 
844,0.00008925 
845,0.00005249 
846,0.00004573 
847,0.00007112 
848,0.00002392 
849,0.00011259 
850,0.00008836 
851,0.00003134 
852,0.00008485 
853,0.00005176 
854,0.00011557 
855,0.00006992 
856,0.00006938 
857,0.00011350 
858,0.00004682 
859,0.00011115 
860,0.00005622 
861,0.00009497 
862,0.00005345 
863,0.00006210 
864,0.00007479 
865,0.00007890 
866,0.00005981 
867,0.00007542 
868,0.00007543 
869,0.00002666 
870,0.00013448 
871,0.00012113 
872,0.00008136 
873,0.00008440 
874,0.00004118 
875,0.00006670 
876,0.00007920 
877,0.00005417 
878,0.00006297 
879,0.00007473 
880,0.00012332 
881,0.00011790 
882,0.00004102 
883,0.00004712 
884,0.00012646 
885,0.00007122 
886,0.00008838 
887,0.00009149 
888,0.00006256 
889,0.00009724 
890,0.00010277 
891,0.00005923 
892,0.00005337 
893,0.00007281 
894,0.00011049 
895,0.00012905 
896,0.00008062 
897,0.00006958 
898,0.00014729 
899,0.00003505 
900,0.00000000 
901,0.00000000 
902,0.00000000 
903,0.00000000 
904,0.00000000 
905,0.00000000 
906,0.00000000 
907,0.00000000 
908,0.00000000 
909,0.00000000 
910,0.00000000 
911,0.00000000 
912,0.00000000 
913,0.00000000 
914,0.00000000 
915,0.00000000 
916,0.00000000 
917,0.00000000 
918,0.00000000 
919,0.00000000 
920,0.00000000 
921,0.00000000 
922,0.00000000 
923,0.00000000 
924,0.00000000 
925,0.00000000 
926,0.00000000 
927,0.00000000 
928,0.00000000 
929,0.00000000 
930,0.00000000 
931,0.00000000 
932,0.00000000 
933,0.00000000 
934,0.00000000 
935,0.00000000 
936,0.00000000 
937,0.00000000 
938,0.00000000 
939,0.00000000 
940,0.00000000 
941,0.00000000 
942,0.00000000 
943,0.00000000 
944,0.00000000 
945,0.00000000 
946,0.00000000 
947,0.00000000 
948,0.00000000 
949,0.00000000 
950,0.00000000 
951,0.00000000 
952,0.00000000 
953,0.00000000 
954,0.00000000 
955,0.00000000 
956,0.00000000 
957,0.00000000 
958,0.00000000 
959,0.00000000 
960,0.00000000 
961,0.00000000 
962,0.00000000 
963,0.00000000 
964,0.00000000 
965,0.00000000 
966,0.00000000 
967,0.00000000 
968,0.00000000 
969,0.00000000 
970,0.00000000 
971,0.00000000 
972,0.00000000 
973,0.00000000 
974,0.00000000 
975,0.00000000 
976,0.00000000 
977,0.00000000 
978,0.00000000 
979,0.00000000 
980,0.00000000 
981,0.00000000 
982,0.00000000 
983,0.00000000 
984,0.00000000 
985,0.00000000 
986,0.00000000 
987,0.00000000 
988,0.00000000 
989,0.00000000 
990,0.00000000 
991,0.00000000 
992,0.00000000 
993,0.00000000 
994,0.00000000 
995,0.00000000 
996,0.00000000 
997,0.00000000 
998,0.00000000 
999,0.00000000 
1000,0.00000000 
1001,0.00000000 
1002,0.00000000 
1003,0.00000000 
1004,0.00000000 
1005,0.00000000 
1006,0.00000000 
1007,0.00000000 
1008,0.00000000 
1009,0.00000000 
1010,0.00000000 
1011,0.00000000 
1012,0.00000000 
1013,0.00000000 
1014,0.00000000 
1015,0.00000000 
1016,0.00000000 
1017,0.00000000 
1018,0.00000000 
1019,0.00000000 
1020,0.00000000 
1021,0.00000000 
1022,0.00000000 
1023,0.00000000 
1024,0.00000000 
1025,0.00000000 
1026,0.00000000 
1027,0.00000000 
1028,0.00000000 
1029,0.00000000 
1030,0.00000000 
1031,0.00000000 
1032,0.00000000 
1033,0.00000000 
1034,0.00000000 
1035,0.00000000 
1036,0.00000000 
1037,0.00000000 
1038,0.00000000 
1039,0.00000000 
1040,0.00000000 
1041,0.00000000 
1042,0.00000000 
1043,0.00000000 
1044,0.00000000 
1045,0.00000000 
1046,0.00000000 
1047,0.00000000 
1048,0.00000000 
1049,0.00000000 
1050,0.00000000 
1051,0.00000000 
1052,0.00000000 
1053,0.00000000 
1054,0.00000000 
1055,0.00000000 
1056,0.00000000 
1057,0.00000000 
1058,0.00000000 
1059,0.00000000 
1060,0.00000000 
1061,0.00000000 
1062,0.00000000 
1063,0.00000000 
1064,0.00000000 
1065,0.00000000 
1066,0.00000000 
1067,0.00000000 
1068,0.00000000 
1069,0.00000000 
1070,0.00000000 
1071,0.00000000 
1072,0.00000000 
1073,0.00000000 
1074,0.00000000 
1075,0.00000000 
1076,0.00000000 
1077,0.00000000 
1078,0.00000000 
1079,0.00000000 
1080,0.00000000 
1081,0.00000000 
1082,0.00000000 
1083,0.00000000 
1084,0.00000000 
1085,0.00000000 
1086,0.00000000 
1087,0.00000000 
1088,0.00000000 
1089,0.00000000 
1090,0.00000000 
1091,0.00000000 
1092,0.00000000 
1093,0.00000000 
1094,0.00000000 
1095,0.00000000 
1096,0.00000000 
1097,0.00000000 
1098,0.00000000 
1099,0.00000000 
1100,0.00000000 
1101,0.00000000 
1102,0.00000000 
1103,0.00000000 
1104,0.00000000 
1105,0.00000000 
1106,0.00000000 
1107,0.00000000 
1108,0.00000000 
1109,0.00000000 
1110,0.00000000 
1111,0.00000000 
1112,0.00000000 
1113,0.00000000 
1114,0.00000000 
1115,0.00000000 
1116,0.00000000 
1117,0.00000000 
1118,0.00000000 
1119,0.00000000 
1120,0.00000000 
1121,0.00000000 
1122,0.00000000 
1123,0.00000000 
1124,0.00000000 
1125,0.00000000 
1126,0.00000000 
1127,0.00000000 
1128,0.00000000 
1129,0.00000000 
1130,0.00000000 
1131,0.00000000 
1132,0.00000000 
1133,0.00000000 
1134,0.00000000 
1135,0.00000000 
1136,0.00000000 
1137,0.00000000 
1138,0.00000000 
1139,0.00000000 
1140,0.00000000 
1141,0.00000000 
1142,0.00000000 
1143,0.00000000 
1144,0.00000000 
1145,0.00000000 
1146,0.00000000 
1147,0.00000000 
1148,0.00000000 
1149,0.00000000 
1150,0.00000000 
1151,0.00000000 
1152,0.00000000 
1153,0.00000000 
1154,0.00000000 
1155,0.00000000 
1156,0.00000000 
1157,0.00000000 
1158,0.00000000 
1159,0.00000000 
1160,0.00000000 
1161,0.00000000 
1162,0.00000000 
1163,0.00000000 
1164,0.00000000 
1165,0.00000000 
1166,0.00000000 
1167,0.00000000 
1168,0.00000000 
1169,0.00000000 
1170,0.00000000 
1171,0.00000000 
1172,0.00000000 
1173,0.00000000 
1174,0.00000000 
1175,0.00000000 
1176,0.00000000 
1177,0.00000000 
1178,0.00000000 
1179,0.00000000 
1180,0.00000000 
1181,0.00000000 
1182,0.00000000 
1183,0.00000000 
1184,0.00000000 
1185,0.00000000 
1186,0.00000000 
1187,0.00000000 
1188,0.00000000 
1189,0.00000000 
1190,0.00000000 
1191,0.00000000 
1192,0.00000000 
1193,0.00000000 
1194,0.00000000 
1195,0.00000000 
1196,0.00000000 
1197,0.00000000 
1198,0.00000000 
1199,0.00000000 
1200,0.00000000 
1201,0.00000000 
1202,0.00000000 
1203,0.00000000 
1204,0.00000000 
1205,0.00000000 
1206,0.00000000 
1207,0.00000000 
1208,0.00000000 
1209,0.00000000 
1210,0.00000000 
1211,0.00000000 
1212,0.00000000 
1213,0.00000000 
1214,0.00000000 
1215,0.00000000 
1216,0.00000000 
1217,0.00000000 
1218,0.00000000 
1219,0.00000000 
1220,0.00000000 
1221,0.00000000 
1222,0.00000000 
1223,0.00000000 
1224,0.00000000 
1225,0.00000000 
1226,0.00000000 
1227,0.00000000 
1228,0.00000000 
1229,0.00000000 
1230,0.00000000 
1231,0.00000000 
1232,0.00000000 
1233,0.00000000 
1234,0.00000000 
1235,0.00000000 
1236,0.00000000 
1237,0.00000000 
1238,0.00000000 
1239,0.00000000 
1240,0.00000000 
1241,0.00000000 
1242,0.00000000 
1243,0.00000000 
1244,0.00000000 
1245,0.00000000 
1246,0.00000000 
1247,0.00000000 
1248,0.00000000 
1249,0.00000000 
1250,0.00000000 
1251,0.00000000 
1252,0.00000000 
1253,0.00000000 
1254,0.00000000 
1255,0.00000000 
1256,0.00000000 
1257,0.00000000 
1258,0.00000000 
1259,0.00000000 
1260,0.00000000 
1261,0.00000000 
1262,0.00000000 
1263,0.00000000 
1264,0.00000000 
1265,0.00000000 
1266,0.00000000 
1267,0.00000000 
1268,0.00000000 
1269,0.00000000 
1270,0.00000000 
1271,0.00000000 
1272,0.00000000 
1273,0.00000000 
1274,0.00000000 
1275,0.00000000 
1276,0.00000000 
1277,0.00000000 
1278,0.00000000 
1279,0.00000000 
1280,0.00000000 
1281,0.00000000 
1282,0.00000000 
1283,0.00000000 
1284,0.00000000 
1285,0.00000000 
1286,0.00000000 
1287,0.00000000 
1288,0.00000000 
1289,0.00000000 
1290,0.00000000 
1291,0.00000000 
1292,0.00000000 
1293,0.00000000 
1294,0.00000000 
1295,0.00000000 
1296,0.00000000 
1297,0.00000000 
1298,0.00000000 
1299,0.00000000 
1300,0.00000000 
1301,0.00000000 
1302,0.00000000 
1303,0.00000000 
1304,0.00000000 
1305,0.00000000 
1306,0.00000000 
1307,0.00000000 
1308,0.00000000 
1309,0.00000000 
1310,0.00000000 
1311,0.00000000 
1312,0.00000000 
1313,0.00000000 
1314,0.00000000 
1315,0.00000000 
1316,0.00000000 
1317,0.00000000 
1318,0.00000000 
1319,0.00000000 
1320,0.00000000 
1321,0.00000000 
1322,0.00000000 
1323,0.00000000 
1324,0.00000000 
1325,0.00000000 
1326,0.00000000 
1327,0.00000000 
1328,0.00000000 
1329,0.00000000 
1330,0.00000000 
1331,0.00000000 
1332,0.00000000 
1333,0.00000000 
1334,0.00000000 
1335,0.00000000 
1336,0.00000000 
1337,0.00000000 
1338,0.00000000 
1339,0.00000000 
1340,0.00000000 
1341,0.00000000 
1342,0.00000000 
1343,0.00000000 
1344,0.00000000 
1345,0.00000000 
1346,0.00000000 
1347,0.00000000 
1348,0.00000000 
1349,0.00000000 
1350,0.00000000 
1351,0.00000000 
1352,0.00000000 
1353,0.00000000 
1354,0.00000000 
1355,0.00000000 
1356,0.00000000 
1357,0.00000000 
1358,0.00000000 
1359,0.00000000 
1360,0.00000000 
1361,0.00000000 
1362,0.00000000 
1363,0.00000000 
1364,0.00000000 
1365,0.00000000 
1366,0.00000000 
1367,0.00000000 
1368,0.00000000 
1369,0.00000000 
1370,0.00000000 
1371,0.00000000 
1372,0.00000000 
1373,0.00000000 
1374,0.00000000 
1375,0.00000000 
1376,0.00000000 
1377,0.00000000 
1378,0.00000000 
1379,0.00000000 
1380,0.00000000 
1381,0.00000000 
1382,0.00000000 
1383,0.00000000 
1384,0.00000000 
1385,0.00000000 
1386,0.00000000 
1387,0.00000000 
1388,0.00000000 
1389,0.00000000 
1390,0.00000000 
1391,0.00000000 
1392,0.00000000 
1393,0.00000000 
1394,0.00000000 
1395,0.00000000 
1396,0.00000000 
1397,0.00000000 
1398,0.00000000 
1399,0.00000000 
1400,0.00000000 
1401,0.00000000 
1402,0.00000000 
1403,0.00000000 
1404,0.00000000 
1405,0.00000000 
1406,0.00000000 
1407,0.00000000 
1408,0.00000000 
1409,0.00000000 
1410,0.00000000 
1411,0.00000000 
1412,0.00000000 
1413,0.00000000 
1414,0.00000000 
1415,0.00000000 
1416,0.00000000 
1417,0.00000000 
1418,0.00000000 
1419,0.00000000 
1420,0.00000000 
1421,0.00000000 
1422,0.00000000 
1423,0.00000000 
1424,0.00000000 
1425,0.00000000 
1426,0.00000000 
1427,0.00000000 
1428,0.00000000 
1429,0.00000000 
1430,0.00000000 
1431,0.00000000 
1432,0.00000000 
1433,0.00000000 
1434,0.00000000 
1435,0.00000000 
1436,0.00000000 
1437,0.00000000 
1438,0.00000000 
1439,0.00000000 
1440,0.00000000 
1441,0.00000000 
1442,0.00000000 
1443,0.00000000 
1444,0.00000000 
1445,0.00000000 
1446,0.00000000 
1447,0.00000000 
1448,0.00000000 
1449,0.00000000 
1450,0.00000000 
1451,0.00000000 
1452,0.00000000 
1453,0.00000000 
1454,0.00000000 
1455,0.00000000 
1456,0.00000000 
1457,0.00000000 
1458,0.00000000 
1459,0.00000000 
1460,0.00000000 
1461,0.00000000 
1462,0.00000000 
1463,0.00000000 
1464,0.00000000 
1465,0.00000000 
1466,0.00000000 
1467,0.00000000 
1468,0.00000000 
1469,0.00000000 
1470,0.00000000 
1471,0.00000000 
1472,0.00000000 
1473,0.00000000 
1474,0.00000000 
1475,0.00000000 
1476,0.00000000 
1477,0.00000000 
1478,0.00000000 
1479,0.00000000 
1480,0.00000000 
1481,0.00000000 
1482,0.00000000 
1483,0.00000000 
1484,0.00000000 
1485,0.00000000 
1486,0.00000000 
1487,0.00000000 
1488,0.00000000 
1489,0.00000000 
1490,0.00000000 
1491,0.00000000 
1492,0.00000000 
1493,0.00000000 
1494,0.00000000 
1495,0.00000000 
1496,0.00000000 
1497,0.00000000 
1498,0.00000000 
1499,0.00000000 
1500,0.00000000 
1501,0.00000000 
1502,0.00000000 
1503,0.00000000 
1504,0.00000000 
1505,0.00000000 
1506,0.00000000 
1507,0.00000000 
1508,0.00000000 
1509,0.00000000 
1510,0.00000000 
1511,0.00000000 
1512,0.00000000 
1513,0.00000000 
1514,0.00000000 
1515,0.00000000 
1516,0.00000000 
1517,0.00000000 
1518,0.00000000 
1519,0.00000000 
1520,0.00000000 
1521,0.00000000 
1522,0.00000000 
1523,0.00000000 
1524,0.00000000 
1525,0.00000000 
1526,0.00000000 
1527,0.00000000 
1528,0.00000000 
1529,0.00000000 
1530,0.00000000 
1531,0.00000000 
1532,0.00000000 
1533,0.00000000 
1534,0.00000000 
1535,0.00000000 
1536,0.00000000 
1537,0.00000000 
1538,0.00000000 
1539,0.00000000 
1540,0.00000000 
1541,0.00000000 
1542,0.00000000 
1543,0.00000000 
1544,0.00000000 
1545,0.00000000 
1546,0.00000000 
1547,0.00000000 
1548,0.00000000 
1549,0.00000000 
1550,0.00000000 
1551,0.00000000 
1552,0.00000000 
1553,0.00000000 
1554,0.00000000 
1555,0.00000000 
1556,0.00000000 
1557,0.00000000 
1558,0.00000000 
1559,0.00000000 
1560,0.00000000 
1561,0.00000000 
1562,0.00000000 
1563,0.00000000 
1564,0.00000000 
1565,0.00000000 
1566,0.00000000 
1567,0.00000000 
1568,0.00000000 
1569,0.00000000 
1570,0.00000000 
1571,0.00000000 
1572,0.00000000 
1573,0.00000000 
1574,0.00000000 
1575,0.00000000 
1576,0.00000000 
1577,0.00000000 
1578,0.00000000 
1579,0.00000000 
1580,0.00000000 
1581,0.00000000 
1582,0.00000000 
1583,0.00000000 
1584,0.00000000 
1585,0.00000000 
1586,0.00000000 
1587,0.00000000 
1588,0.00000000 
1589,0.00000000 
1590,0.00000000 
1591,0.00000000 
1592,0.00000000 
1593,0.00000000 
1594,0.00000000 
1595,0.00000000 
1596,0.00000000 
1597,0.00000000 
1598,0.00000000 
1599,0.00000000 
1600,0.00000000 
1601,0.00000000 
1602,0.00000000 
1603,0.00000000 
1604,0.00000000 
1605,0.00000000 
1606,0.00000000 
1607,0.00000000 
1608,0.00000000 
1609,0.00000000 
1610,0.00000000 
1611,0.00000000 
1612,0.00000000 
1613,0.00000000 
1614,0.00000000 
1615,0.00000000 
1616,0.00000000 
1617,0.00000000 
1618,0.00000000 
1619,0.00000000 
1620,0.00000000 
1621,0.00000000 
1622,0.00000000 
1623,0.00000000 
1624,0.00000000 
1625,0.00000000 
1626,0.00000000 
1627,0.00000000 
1628,0.00000000 
1629,0.00000000 
1630,0.00000000 
1631,0.00000000 
1632,0.00000000 
1633,0.00000000 
1634,0.00000000 
1635,0.00000000 
1636,0.00000000 
1637,0.00000000 
1638,0.00000000 
1639,0.00000000 
1640,0.00000000 
1641,0.00000000 
1642,0.00000000 
1643,0.00000000 
1644,0.00000000 
1645,0.00000000 
1646,0.00000000 
1647,0.00000000 
1648,0.00000000 
1649,0.00000000 
1650,0.00000000 
1651,0.00000000 
1652,0.00000000 
1653,0.00000000 
1654,0.00000000 
1655,0.00000000 
1656,0.00000000 
1657,0.00000000 
1658,0.00000000 
1659,0.00000000 
1660,0.00000000 
1661,0.00000000 
1662,0.00000000 
1663,0.00000000 
1664,0.00000000 
1665,0.00000000 
1666,0.00000000 
1667,0.00000000 
1668,0.00000000 
1669,0.00000000 
1670,0.00000000 
1671,0.00000000 
1672,0.00000000 
1673,0.00000000 
1674,0.00000000 
1675,0.00000000 
1676,0.00000000 
1677,0.00000000 
1678,0.00000000 
1679,0.00000000 
1680,0.00000000 
1681,0.00000000 
1682,0.00000000 
1683,0.00000000 
1684,0.00000000 
1685,0.00000000 
1686,0.00000000 
1687,0.00000000 
1688,0.00000000 
1689,0.00000000 
1690,0.00000000 
1691,0.00000000 
1692,0.00000000 
1693,0.00000000 
1694,0.00000000 
1695,0.00000000 
1696,0.00000000 
1697,0.00000000 
1698,0.00000000 
1699,0.00000000 
1700,0.00000000 
1701,0.00000000 
1702,0.00000000 
1703,0.00000000 
1704,0.00000000 
1705,0.00000000 
1706,0.00000000 
1707,0.00000000 
1708,0.00000000 
1709,0.00000000 
1710,0.00000000 
1711,0.00000000 
1712,0.00000000 
1713,0.00000000 
1714,0.00000000 
1715,0.00000000 
1716,0.00000000 
1717,0.00000000 
1718,0.00000000 
1719,0.00000000 
1720,0.00000000 
1721,0.00000000 
1722,0.00000000 
1723,0.00000000 
1724,0.00000000 
1725,0.00000000 
1726,0.00000000 
1727,0.00000000 
1728,0.00000000 
1729,0.00000000 
1730,0.00000000 
1731,0.00000000 
1732,0.00000000 
1733,0.00000000 
1734,0.00000000 
1735,0.00000000 
1736,0.00000000 
1737,0.00000000 
1738,0.00000000 
1739,0.00000000 
1740,0.00000000 
1741,0.00000000 
1742,0.00000000 
1743,0.00000000 
1744,0.00000000 
1745,0.00000000 
1746,0.00000000 
1747,0.00000000 
1748,0.00000000 
1749,0.00000000 
1750,0.00000000 
1751,0.00000000 
1752,0.00000000 
1753,0.00000000 
1754,0.00000000 
1755,0.00000000 
1756,0.00000000 
1757,0.00000000 
1758,0.00000000 
1759,0.00000000 
1760,0.00000000 
1761,0.00000000 
1762,0.00000000 
1763,0.00000000 
1764,0.00000000 
1765,0.00000000 
1766,0.00000000 
1767,0.00000000 
1768,0.00000000 
1769,0.00000000 
1770,0.00000000 
1771,0.00000000 
1772,0.00000000 
1773,0.00000000 
1774,0.00000000 
1775,0.00000000 
1776,0.00000000 
1777,0.00000000 
1778,0.00000000 
1779,0.00000000 
1780,0.00000000 
1781,0.00000000 
1782,0.00000000 
1783,0.00000000 
1784,0.00000000 
1785,0.00000000 
1786,0.00000000 
1787,0.00000000 
1788,0.00000000 
1789,0.00000000 
1790,0.00000000 
1791,0.00000000 
1792,0.00000000 
1793,0.00000000 
1794,0.00000000 
1795,0.00000000 
1796,0.00000000 
1797,0.00000000 
1798,0.00000000 
1799,0.00000000 
1800,0.00000000 
1801,0.00000000 
1802,0.00000000 
1803,0.00000000 
1804,0.00000000 
1805,0.00000000 
1806,0.00000000 
1807,0.00000000 
1808,0.00000000 
1809,0.00000000 
1810,0.00000000 
1811,0.00000000 
1812,0.00000000 
1813,0.00000000 
1814,0.00000000 
1815,0.00000000 
1816,0.00000000 
1817,0.00000000 
1818,0.00000000 
1819,0.00000000 
1820,0.00000000 
1821,0.00000000 
1822,0.00000000 
1823,0.00000000 
1824,0.00000000 
1825,0.00000000 
1826,0.00000000 
1827,0.00000000 
1828,0.00000000 
1829,0.00000000 
1830,0.00000000 
1831,0.00000000 
1832,0.00000000 
1833,0.00000000 
1834,0.00000000 
1835,0.00000000 
1836,0.00000000 
1837,0.00000000 
1838,0.00000000 
1839,0.00000000 
1840,0.00000000 
1841,0.00000000 
1842,0.00000000 
1843,0.00000000 
1844,0.00000000 
1845,0.00000000 
1846,0.00000000 
1847,0.00000000 
1848,0.00000000 
1849,0.00000000 
1850,0.00000000 
1851,0.00000000 
1852,0.00000000 
1853,0.00000000 
1854,0.00000000 
1855,0.00000000 
1856,0.00000000 
1857,0.00000000 
1858,0.00000000 
1859,0.00000000 
1860,0.00000000 
1861,0.00000000 
1862,0.00000000 
1863,0.00000000 
1864,0.00000000 
1865,0.00000000 
1866,0.00000000 
1867,0.00000000 
1868,0.00000000 
1869,0.00000000 
1870,0.00000000 
1871,0.00000000 
1872,0.00000000 
1873,0.00000000 
1874,0.00000000 
1875,0.00000000 
1876,0.00000000 
1877,0.00000000 
1878,0.00000000 
1879,0.00000000 
1880,0.00000000 
1881,0.00000000 
1882,0.00000000 
1883,0.00000000 
1884,0.00000000 
1885,0.00000000 
1886,0.00000000 
1887,0.00000000 
1888,0.00000000 
1889,0.00000000 
1890,0.00000000 
1891,0.00000000 
1892,0.00000000 
1893,0.00000000 
1894,0.00000000 
1895,0.00000000 
1896,0.00000000 
1897,0.00000000 
1898,0.00000000 
1899,0.00000000 
1900,0.00000000 
1901,0.00000000 
1902,0.00000000 
1903,0.00000000 
1904,0.00000000 
1905,0.00000000 
1906,0.00000000 
1907,0.00000000 
1908,0.00000000 
1909,0.00000000 
1910,0.00000000 
1911,0.00000000 
1912,0.00000000 
1913,0.00000000 
1914,0.00000000 
1915,0.00000000 
1916,0.00000000 
1917,0.00000000 
1918,0.00000000 
1919,0.00000000 
1920,0.00000000 
1921,0.00000000 
1922,0.00000000 
1923,0.00000000 
1924,0.00000000 
1925,0.00000000 
1926,0.00000000 
1927,0.00000000 
1928,0.00000000 
1929,0.00000000 
1930,0.00000000 
1931,0.00000000 
1932,0.00000000 
1933,0.00000000 
1934,0.00000000 
1935,0.00000000 
1936,0.00000000 
1937,0.00000000 
1938,0.00000000 
1939,0.00000000 
1940,0.00000000 
1941,0.00000000 
1942,0.00000000 
1943,0.00000000 
1944,0.00000000 
1945,0.00000000 
1946,0.00000000 
1947,0.00000000 
1948,0.00000000 
1949,0.00000000 
1950,0.00000000 
1951,0.00000000 
1952,0.00000000 
1953,0.00000000 
1954,0.00000000 
1955,0.00000000 
1956,0.00000000 
1957,0.00000000 
1958,0.00000000 
1959,0.00000000 
1960,0.00000000 
1961,0.00000000 
1962,0.00000000 
1963,0.00000000 
1964,0.00000000 
1965,0.00000000 
1966,0.00000000 
1967,0.00000000 
1968,0.00000000 
1969,0.00000000 
1970,0.00000000 
1971,0.00000000 
1972,0.00000000 
1973,0.00000000 
1974,0.00000000 
1975,0.00000000 
1976,0.00000000 
1977,0.00000000 
1978,0.00000000 
1979,0.00000000 
1980,0.00000000 
1981,0.00000000 
1982,0.00000000 
1983,0.00000000 
1984,0.00000000 
1985,0.00000000 
1986,0.00000000 
1987,0.00000000 
1988,0.00000000 
1989,0.00000000 
1990,0.00000000 
1991,0.00000000 
1992,0.00000000 
1993,0.00000000 
1994,0.00000000 
1995,0.00000000 
1996,0.00000000 
1997,0.00000000 
1998,0.00000000 
1999,0.00000000 
2000,0.00000000 
2001,0.00000000 
2002,0.00000000 
2003,0.00000000 
2004,0.00000000 
2005,0.00000000 
2006,0.00000000 
2007,0.00000000 
2008,0.00000000 
2009,0.00000000 
2010,0.00000000 
2011,0.00000000 
2012,0.00000000 
2013,0.00000000 
2014,0.00000000 
2015,0.00000000 
2016,0.00000000 
2017,0.00000000 
2018,0.00000000 
2019,0.00000000 
2020,0.00000000 
2021,0.00000000 
2022,0.00000000 
2023,0.00000000 
2024,0.00000000 
2025,0.00000000 
2026,0.00000000 
2027,0.00000000 
2028,0.00000000 
2029,0.00000000 
2030,0.00000000 
2031,0.00000000 
2032,0.00000000 
2033,0.00000000 
2034,0.00000000 
2035,0.00000000 
2036,0.00000000 
2037,0.00000000 
2038,0.00000000 
2039,0.00000000 
2040,0.00000000 
2041,0.00000000 
2042,0.00000000 
2043,0.00000000 
2044,0.00000000 
2045,0.00000000 
2046,0.00000000 
2047,0.00000000 
2048,0.00000000 
2049,0.00000000 
2050,0.00000000 
2051,0.00000000 
2052,0.00000000 
2053,0.00000000 
2054,0.00000000 
2055,0.00000000 
2056,0.00000000 
2057,0.00000000 
2058,0.00000000 
2059,0.00000000 
2060,0.00000000 
2061,0.00000000 
2062,0.00000000 
2063,0.00000000 
2064,0.00000000 
2065,0.00000000 
2066,0.00000000 
2067,0.00000000 
2068,0.00000000 
2069,0.00000000 
2070,0.00000000 
2071,0.00000000 
2072,0.00000000 
2073,0.00000000 
2074,0.00000000 
2075,0.00000000 
2076,0.00000000 
2077,0.00000000 
2078,0.00000000 
2079,0.00000000 
2080,0.00000000 
2081,0.00000000 
2082,0.00000000 
2083,0.00000000 
2084,0.00000000 
2085,0.00000000 
2086,0.00000000 
2087,0.00000000 
2088,0.00000000 
2089,0.00000000 
2090,0.00000000 
2091,0.00000000 
2092,0.00000000 
2093,0.00000000 
2094,0.00000000 
2095,0.00000000 
2096,0.00000000 
2097,0.00000000 
2098,0.00000000 
2099,0.00000000 
2100,0.00000000 
2101,0.00000000 
2102,0.00000000 
2103,0.00000000 
2104,0.00000000 
2105,0.00000000 
2106,0.00000000 
2107,0.00000000 
2108,0.00000000 
2109,0.00000000 
2110,0.00000000 
2111,0.00000000 
2112,0.00000000 
2113,0.00000000 
2114,0.00000000 
2115,0.00000000 
2116,0.00000000 
2117,0.00000000 
2118,0.00000000 
2119,0.00000000 
2120,0.00000000 
2121,0.00000000 
2122,0.00000000 
2123,0.00000000 
2124,0.00000000 
2125,0.00000000 
2126,0.00000000 
2127,0.00000000 
2128,0.00000000 
2129,0.00000000 
2130,0.00000000 
2131,0.00000000 
2132,0.00000000 
2133,0.00000000 
2134,0.00000000 
2135,0.00000000 
2136,0.00000000 
2137,0.00000000 
2138,0.00000000 
2139,0.00000000 
2140,0.00000000 
2141,0.00000000 
2142,0.00000000 
2143,0.00000000 
2144,0.00000000 
2145,0.00000000 
2146,0.00000000 
2147,0.00000000 
2148,0.00000000 
2149,0.00000000 
2150,0.00000000 
2151,0.00000000 
2152,0.00000000 
2153,0.00000000 
2154,0.00000000 
2155,0.00000000 
2156,0.00000000 
2157,0.00000000 
2158,0.00000000 
2159,0.00000000 
2160,0.00000000 
2161,0.00000000 
2162,0.00000000 
2163,0.00000000 
2164,0.00000000 
2165,0.00000000 
2166,0.00000000 
2167,0.00000000 
2168,0.00000000 
2169,0.00000000 
2170,0.00000000 
2171,0.00000000 
2172,0.00000000 
2173,0.00000000 
2174,0.00000000 
2175,0.00000000 
2176,0.00000000 
2177,0.00000000 
2178,0.00000000 
2179,0.00000000 
2180,0.00000000 
2181,0.00000000 
2182,0.00000000 
2183,0.00000000 
2184,0.00000000 
2185,0.00000000 
2186,0.00000000 
2187,0.00000000 
2188,0.00000000 
2189,0.00000000 
2190,0.00000000 
2191,0.00000000 
2192,0.00000000 
2193,0.00000000 
2194,0.00000000 
2195,0.00000000 
2196,0.00000000 
2197,0.00000000 
2198,0.00000000 
2199,0.00000000 
2200,0.00000000 
2201,0.00000000 
2202,0.00000000 
2203,0.00000000 
2204,0.00000000 
2205,0.00000000 
2206,0.00000000 
2207,0.00000000 
2208,0.00000000 
2209,0.00000000 
2210,0.00000000 
2211,0.00000000 
2212,0.00000000 
2213,0.00000000 
2214,0.00000000 
2215,0.00000000 
2216,0.00000000 
2217,0.00000000 
2218,0.00000000 
2219,0.00000000 
2220,0.00000000 
2221,0.00000000 
2222,0.00000000 
2223,0.00000000 
2224,0.00000000 
2225,0.00000000 
2226,0.00000000 
2227,0.00000000 
2228,0.00000000 
2229,0.00000000 
2230,0.00000000 
2231,0.00000000 
2232,0.00000000 
2233,0.00000000 
2234,0.00000000 
2235,0.00000000 
2236,0.00000000 
2237,0.00000000 
2238,0.00000000 
2239,0.00000000 
2240,0.00000000 
2241,0.00000000 
2242,0.00000000 
2243,0.00000000 
2244,0.00000000 
2245,0.00000000 
2246,0.00000000 
2247,0.00000000 
2248,0.00000000 
2249,0.00000000 
2250,0.00000000 
2251,0.00000000 
2252,0.00000000 
2253,0.00000000 
2254,0.00000000 
2255,0.00000000 
2256,0.00000000 
2257,0.00000000 
2258,0.00000000 
2259,0.00000000 
2260,0.00000000 
2261,0.00000000 
2262,0.00000000 
2263,0.00000000 
2264,0.00000000 
2265,0.00000000 
2266,0.00000000 
2267,0.00000000 
2268,0.00000000 
2269,0.00000000 
2270,0.00000000 
2271,0.00000000 
2272,0.00000000 
2273,0.00000000 
2274,0.00000000 
2275,0.00000000 
2276,0.00000000 
2277,0.00000000 
2278,0.00000000 
2279,0.00000000 
2280,0.00000000 
2281,0.00000000 
2282,0.00000000 
2283,0.00000000 
2284,0.00000000 
2285,0.00000000 
2286,0.00000000 
2287,0.00000000 
2288,0.00000000 
2289,0.00000000 
2290,0.00000000 
2291,0.00000000 
2292,0.00000000 
2293,0.00000000 
2294,0.00000000 
2295,0.00000000 
2296,0.00000000 
2297,0.00000000 
2298,0.00000000 
2299,0.00000000 
2300,0.00000000 
2301,0.00000000 
2302,0.00000000 
2303,0.00000000 
2304,0.00000000 
2305,0.00000000 
2306,0.00000000 
2307,0.00000000 
2308,0.00000000 
2309,0.00000000 
2310,0.00000000 
2311,0.00000000 
2312,0.00000000 
2313,0.00000000 
2314,0.00000000 
2315,0.00000000 
2316,0.00000000 
2317,0.00000000 
2318,0.00000000 
2319,0.00000000 
2320,0.00000000 
2321,0.00000000 
2322,0.00000000 
2323,0.00000000 
2324,0.00000000 
2325,0.00000000 
2326,0.00000000 
2327,0.00000000 
2328,0.00000000 
2329,0.00000000 
2330,0.00000000 
2331,0.00000000 
2332,0.00000000 
2333,0.00000000 
2334,0.00000000 
2335,0.00000000 
2336,0.00000000 
2337,0.00000000 
2338,0.00000000 
2339,0.00000000 
2340,0.00000000 
2341,0.00000000 
2342,0.00000000 
2343,0.00000000 
2344,0.00000000 
2345,0.00000000 
2346,0.00000000 
2347,0.00000000 
2348,0.00000000 
2349,0.00000000 
2350,0.00000000 
2351,0.00000000 
2352,0.00000000 
2353,0.00000000 
2354,0.00000000 
2355,0.00000000 
2356,0.00000000 
2357,0.00000000 
2358,0.00000000 
2359,0.00000000 
2360,0.00000000 
2361,0.00000000 
2362,0.00000000 
2363,0.00000000 
2364,0.00000000 
2365,0.00000000 
2366,0.00000000 
2367,0.00000000 
2368,0.00000000 
2369,0.00000000 
2370,0.00000000 
2371,0.00000000 
2372,0.00000000 
2373,0.00000000 
2374,0.00000000 
2375,0.00000000 
2376,0.00000000 
2377,0.00000000 
2378,0.00000000 
2379,0.00000000 
2380,0.00000000 
2381,0.00000000 
2382,0.00000000 
2383,0.00000000 
2384,0.00000000 
2385,0.00000000 
2386,0.00000000 
2387,0.00000000 
2388,0.00000000 
2389,0.00000000 
2390,0.00000000 
2391,0.00000000 
2392,0.00000000 
2393,0.00000000 
2394,0.00000000 
2395,0.00000000 
2396,0.00000000 
2397,0.00000000 
2398,0.00000000 
2399,0.00000000 
2400,0.00000000 
2401,0.00000000 
2402,0.00000000 
2403,0.00000000 
2404,0.00000000 
2405,0.00000000 
2406,0.00000000 
2407,0.00000000 
2408,0.00000000 
2409,0.00000000 
2410,0.00000000 
2411,0.00000000 
2412,0.00000000 
2413,0.00000000 
2414,0.00000000 
2415,0.00000000 
2416,0.00000000 
2417,0.00000000 
2418,0.00000000 
2419,0.00000000 
2420,0.00000000 
